approach,kind,cv_roc_auc,cv_roc_auc_std,cv_accuracy,test_roc_auc,test_accuracy,test_recall,test_specificity,test_f1
Random Forest,machine learning,0.9566300927352138,0.017243931551732157,0.8913392141138733,0.9452054794520548,0.9174311926605505,0.8333333333333334,0.958904109589041,0.8695652173913043
Stacking Ensemble,machine learning,0.950802831864522,0.020469175250406296,0.896017107725207,0.9452054794520548,0.926605504587156,0.8333333333333334,0.9726027397260274,0.8823529411764706
Gaussian NB,machine learning,0.9506160514549439,0.022534759460795396,0.8636193531141405,0.9467275494672754,0.908256880733945,0.9166666666666666,0.9041095890410958,0.868421052631579
Elastic-Net LR,machine learning,0.9476775889420239,0.0161669953141654,0.8890136327185244,0.9493911719939118,0.9174311926605505,0.8888888888888888,0.9315068493150684,0.8767123287671232
Logistic Regression,machine learning,0.9473206548182869,0.017007326569569492,0.8797914995990377,0.9482496194824962,0.908256880733945,0.8888888888888888,0.9178082191780822,0.8648648648648649
XGBoost,machine learning,0.9437813999821497,0.017630810604079263,0.8867949746057203,0.9539573820395738,0.926605504587156,0.8611111111111112,0.958904109589041,0.8857142857142857
SVM (RBF),machine learning,0.9394185119179579,0.022305101293809554,0.8821972734562952,0.9440639269406392,0.8990825688073395,0.8055555555555556,0.9452054794520548,0.8405797101449275
KNN,machine learning,0.928560847947071,0.036979563081852525,0.8728949478748997,0.9398782343987824,0.8532110091743119,0.7777777777777778,0.8904109589041096,0.7777777777777778
Rotterdam rule (follicles >= 12),clinical rule,0.9022155251588533,0.03557018191623647,0.8242448543170277,0.8759512937595129,0.8623853211009175,0.6111111111111112,0.9863013698630136,0.7457627118644068
Follicle threshold (tuned),clinical rule,0.9022155251588533,0.03557018191623647,0.8588612670408982,0.8759512937595129,0.8348623853211009,0.7222222222222222,0.8904109589041096,0.7428571428571429
Logistic on follicle count,clinical rule,0.8885689669567821,0.033379997611271035,0.835765838011227,0.8751902587519026,0.8440366972477065,0.75,0.8904109589041096,0.7605633802816901
Symptom count (tuned k),clinical rule,0.8565124102806241,0.02517222360793936,0.8217856188184978,0.8700532724505328,0.8348623853211009,0.8055555555555556,0.8493150684931506,0.7631578947368421
Decision tree (depth 2),clinical rule,0.8541062539407427,0.03296083222735659,0.8033680834001602,0.9065829528158295,0.8623853211009175,0.5833333333333334,1.0,0.7368421052631579
Majority class,clinical rule,0.5,0.0,0.6736166800320769,0.5,0.6697247706422018,0.0,1.0,0.0
