threshold,net_benefit_model,net_benefit_treat_all,net_benefit_treat_none,n_flagged,benefit_over_best_default
0.01,0.32369567231952556,0.32351033268464463,0.0,107,0.0001853396348809322
0.02,0.3177307620295825,0.31660737689571244,0.0,103,0.0011233851338700584
0.03,0.3132507329991488,0.3095620921214414,0.0,96,0.003688640877707372
0.04,0.3096330275229358,0.3023700305810398,0.0,90,0.007262996941896027
0.05,0.2959922742636408,0.29502655721873494,0.0,87,0.0009657170449058339
0.06,0.2924067928947882,0.2875268397423385,0.0,84,0.004879953152449712
0.07,0.27878070435039953,0.27986583801913784,0.0,82,-0.0010851336687383029
0.08,0.2760271240526526,0.2720382927802154,0.0,79,0.00398883127243721
0.09,0.273817925194072,0.264038713579998,0.0,76,0.009779211614074024
0.1,0.2701325178389399,0.2558613659531091,0.0,75,0.01427115188583078
0.11,0.2688382640964849,0.24750025770539122,0.0,72,0.021338006391093706
0.12,0.2668890742285238,0.23894912427022522,0.0,70,0.0279399499582986
0.13,0.26394600864705264,0.23020141305494043,0.0,69,0.03374459559211221
0.14,0.26264134841049713,0.22125026669511416,0.0,67,0.04139108171538297
0.15,0.2601187263896384,0.21208850512682137,0.0,66,0.04803022126281703
0.16,0.2560069899519441,0.20270860637833116,0.0,66,0.05329838357361294
0.17,0.2536752514645739,0.1931026859732508,0.0,65,0.060572565491323116
0.18,0.25151040501230704,0.18326247482658314,0.0,64,0.06824793018572389
0.19,0.2516706308755239,0.17317929550345457,0.0,62,0.07849133537206932
0.2,0.25,0.16284403669724773,0.0,61,0.08715596330275227
0.21,0.24851933573336432,0.15224712576936478,0.0,60,0.09627220996399954
0.22,0.24982357092448837,0.14137849917666434,0.0,58,0.10844507174782403
0.23,0.25437864887406175,0.1302275705945431,0.0,55,0.12415107827951866
0.24,0.25688073394495414,0.11878319652341865,0.0,53,0.1380975374215355
0.25,0.25688073394495414,0.10703363914373093,0.0,52,0.1498470948012232
0.26,0.24473096950161172,0.09496652615918671,0.0,51,0.149764443342425
0.27,0.2518537137111977,0.08256880733944955,0.0,48,0.16928490637174815
0.28,0.25993883792048933,0.0698267074413863,0.0,45,0.19011213047910303
0.29,0.2577852435715209,0.05672567515182836,0.0,45,0.20105956841969252
0.3,0.2634338138925295,0.04325032765399739,0.0,43,0.22018348623853212
0.31,0.26153437042946415,0.029384390373620506,0.0,43,0.23214998005584364
0.32,0.2638963842417701,0.015110631408526698,0.0,42,0.2487857528332434
0.33,0.26208407503765574,0.00041079008626587754,0.0,42,0.26167328495138986
0.34,0.2649430080622741,-0.014734500973033138,0.0,41,0.2649430080622741
0.35,0.26323218066337334,-0.030345800988002825,0.0,41,0.26323218066337334
0.36,0.25229357798165136,-0.04644495412844041,0.0,40,0.25229357798165136
0.37,0.2558613659531091,-0.06305519149555844,0.0,39,0.2558613659531091
0.38,0.25421722403077834,-0.08020124297129327,0.0,39,0.25421722403077834
0.39,0.25251917581591216,-0.09790946006918333,0.0,39,0.25251917581591216
0.4,0.2415902140672783,-0.11620795107033643,0.0,38,0.2415902140672783
0.41,0.23977608459026592,-0.135126729902037,0.0,38,0.23977608459026592
0.42,0.23789939892439102,-0.15469788041758942,0.0,38,0.23789939892439102
0.43,0.2359568646386609,-0.17495573796877506,0.0,38,0.2359568646386609
0.44,0.24836173001310619,-0.19593709043250318,0.0,36,0.24836173001310619
0.45,0.25437864887406175,-0.21768140116763968,0.0,35,0.25437864887406175
0.46,0.25178389398572887,-0.24023105674481815,0.0,33,0.25178389398572887
0.47,0.2508222260688939,-0.2636316427211355,0.0,33,0.2508222260688939
0.48,0.24982357092448837,-0.28793225123500354,0.0,33,0.24982357092448837
0.49,0.2487857528332434,-0.313185824788631,0.0,33,0.2487857528332434
0.5,0.24770642201834864,-0.33944954128440363,0.0,33,0.24770642201834864
0.51,0.24658303688447858,-0.3667852462085751,0.0,33,0.24658303688447858
0.52,0.25535168195718655,-0.39525993883792054,0.0,32,0.25535168195718655
0.53,0.2648838571149717,-0.4249463205153231,0.0,31,0.2648838571149717
0.54,0.2644595133625848,-0.4559234144395692,0.0,31,0.2644595133625848
0.55,0.2640163098878695,-0.488277268093782,0.0,31,0.2640163098878695
0.56,0.26355296080066726,-0.5221017514595497,0.0,31,0.26355296080066726
0.57,0.2630680605931299,-0.5574994666097719,0.0,31,0.2630680605931299
0.58,0.26256006989951947,-0.5945827872433379,0.0,31,0.26256006989951947
0.59,0.2528529872454688,-0.6334750503468335,0.0,30,0.2528529872454688
0.6,0.24311926605504589,-0.6743119266055044,0.0,29,0.24311926605504589
0.61,0.24253116913667375,-0.7172430016466713,0.0,29,0.24253116913667375
0.62,0.22356349589570257,-0.7624336069531628,0.0,27,0.22356349589570257
0.63,0.2229109843788743,-0.8100669476816265,0.0,27,0.2229109843788743
0.64,0.22222222222222224,-0.8603465851172274,0.0,27,0.22222222222222224
0.65,0.21231979030144169,-0.9134993446920054,0.0,26,0.21231979030144169
0.66,0.211548839719374,-0.9697787371829467,0.0,26,0.211548839719374
0.67,0.20155685293299974,-1.0294690019460664,0.0,25,0.20155685293299974
0.68,0.20068807339449543,-1.092889908256881,0.0,25,0.20068807339449543
0.69,0.19976324356318437,-1.160402485942587,0.0,25,0.19976324356318437
0.7,0.18960244648318042,-1.232415902140673,0.0,24,0.18960244648318042
0.71,0.18854792787092692,-1.3093957608351794,0.0,24,0.18854792787092692
0.72,0.21100917431192662,-1.3918741808650064,0.0,23,0.21100917431192662
0.73,0.21100917431192662,-1.480462113489636,0.0,23,0.21100917431192662
0.74,0.2018348623853211,-1.5758645024700069,0.0,22,0.2018348623853211
0.75,0.1926605504587156,-1.678899082568807,0.0,21,0.1926605504587156
0.76,0.1743119266055046,-1.7905198776758413,0.0,19,0.1743119266055046
0.77,0.1559633027522936,-1.9118468288791386,0.0,17,0.1559633027522936
0.78,0.1559633027522936,-2.0442035029190997,0.0,17,0.1559633027522936
0.79,0.14678899082568808,-2.189165574486676,0.0,16,0.14678899082568808
0.8,0.14678899082568808,-2.3486238532110093,0.0,16,0.14678899082568808
