feature_set,model,accuracy,accuracy_std,balanced_accuracy,balanced_accuracy_std,precision,precision_std,recall,recall_std,f1,f1_std,roc_auc,roc_auc_std,fit_time_s
all,Random Forest,0.8890670943597968,0.03335766514790957,0.8651644819236871,0.038903572674283744,0.8635582661158109,0.07353810681504339,0.795320197044335,0.08143886702962382,0.8236834849738075,0.053275838824557775,0.9547332818937446,0.018883040715100895,0.7564883232116699
all,Stacking Ensemble,0.8914995990376905,0.05433872883441629,0.8705477164565417,0.05001824668345242,0.8663772893772894,0.1142864165940664,0.80935960591133,0.06194666972935577,0.8328080724307139,0.07452733714924792,0.9454619918061343,0.019320452519032427,8.00843687057495
all,XGBoost,0.8706495589414593,0.0516915188073306,0.8550596977540286,0.04716853595871762,0.8107789767789768,0.10568355816245018,0.8093596059113299,0.06194666972935577,0.8061978482733199,0.06916070299576178,0.9407236715198384,0.017851358568559326,0.6039222240447998
all,Elastic-Net LR,0.8658647420475807,0.02419081670093999,0.8604199716122569,0.020846701712416517,0.7708321415329202,0.047635044912159995,0.8443349753694582,0.025615763546798,0.8049633141884518,0.029864548109633227,0.9310424722096663,0.011014489026834884,0.3014349937438965
all,SVM (RBF),0.8728949478748997,0.04438926223928802,0.8438235785255073,0.03389639661131306,0.8547690161500903,0.11291202516697034,0.75935960591133,0.0374967137615469,0.7992936202879277,0.05451393462407891,0.9227195515542721,0.02360225089454897,0.11785588264465333
all,Logistic Regression,0.8681903234429296,0.03179107185628045,0.8602968189028972,0.028904014500958274,0.7809518443392683,0.06291683793360588,0.8371921182266009,0.034459879813359705,0.8066943068055415,0.04091418402196486,0.9220302994532623,0.011421013145801856,0.06887192726135254
all,KNN,0.7779470729751403,0.053905110702684646,0.8041266594305754,0.05142580018039465,0.614781213618423,0.06510028805220454,0.8795566502463055,0.04804786817787699,0.7229727577738404,0.059385848270796134,0.8956182539522592,0.042448473945921154,0.09962568283081055
all,Gaussian NB,0.6064688585939588,0.11669699710677736,0.6892836269516573,0.09973121850651573,0.46068940120423224,0.08134304777579711,0.929064039408867,0.05976955105383694,0.6136398671639086,0.08323823741544993,0.8583638755891322,0.04496467119911026,0.1078336238861084
correlation,Random Forest,0.8913392141138733,0.025362886657956038,0.8700905902980713,0.014477685820984593,0.864288208836758,0.08828097677347597,0.8086206896551724,0.042215340464292726,0.8310467873005605,0.02847778691114088,0.9566300927352138,0.017243931551732157,0.7407300472259521
correlation,Stacking Ensemble,0.896017107725207,0.033701618226970764,0.8791746681138848,0.031937737653563655,0.8532967032967033,0.07205138447378247,0.830295566502463,0.03841417086676236,0.8403118908382066,0.04723087064762835,0.950802831864522,0.020469175250406296,6.903502655029297
correlation,Gaussian NB,0.8636193531141405,0.04536328160573534,0.8606600150288051,0.04482172474594267,0.7695690646476072,0.07923619043076167,0.8514778325123153,0.08158102483002833,0.8040678827996052,0.058319454228558186,0.9506160514549439,0.022534759460795396,0.04783468246459961
correlation,Elastic-Net LR,0.8890136327185244,0.026440632837212482,0.8793562661768389,0.019182757384451115,0.8226984126984126,0.06485753909861941,0.8512315270935961,0.02549469304458954,0.8348186465135617,0.03224956737776656,0.9476775889420239,0.0161669953141654,0.06292948722839356
correlation,Logistic Regression,0.8797914995990377,0.034961890129286674,0.870641646489104,0.027325699519163932,0.8061578120310046,0.07666503212167237,0.844088669950739,0.016106189876129856,0.8228753702437913,0.043503086476930644,0.9473206548182869,0.017007326569569492,0.06281776428222656
correlation,XGBoost,0.8867949746057203,0.03964677253273043,0.8649473991817651,0.02921278294804022,0.860233941852603,0.10994621518551702,0.8017241379310344,0.034146850887927814,0.8253785224996004,0.04960200058057291,0.9437813999821497,0.017630810604079263,0.4140480518341064
correlation,SVM (RBF),0.8821972734562952,0.05373902911140223,0.8741775903815647,0.044348003274560184,0.8138466075966075,0.1047809262455055,0.8509852216748769,0.02705998811226065,0.8289601412552232,0.0652910003198765,0.9394185119179579,0.022305101293809554,0.0879669189453125
correlation,KNN,0.8728949478748997,0.04388863751368043,0.8690698839442262,0.037449447442785375,0.7856289469192695,0.08967778051155617,0.858128078817734,0.03917262937169969,0.8175597072419105,0.05561096784970605,0.928560847947071,0.036979563081852525,0.049790477752685545
chi2,Random Forest,0.8890136327185244,0.02319683919537014,0.864765801118811,0.01823847546308595,0.8637990833643008,0.07321954610445672,0.7945812807881772,0.03998501260147882,0.8247681294740119,0.029380182201124136,0.952395611704042,0.01864183011759471,0.7488621711730957
chi2,Stacking Ensemble,0.8959636460839346,0.027808097246832846,0.882652166652751,0.021588318857718433,0.8437353195973886,0.06666954658659129,0.844088669950739,0.016106189876129856,0.8424902501555976,0.03582929977102132,0.951267659565892,0.018027317695625357,6.435272884368897
chi2,Gaussian NB,0.8520449077786687,0.04531406317429563,0.8463743007430908,0.03781789159655245,0.7574463118580765,0.08916210785779756,0.8298029556650246,0.057041910155461985,0.7878813343519225,0.05486826542362674,0.947448414057979,0.020635006170319995,0.0403386116027832
chi2,SVM (RBF),0.8844426623897353,0.03876499885292724,0.8757201302496451,0.027387264990577816,0.8181833417127533,0.0920506271431185,0.8507389162561575,0.02792499565477848,0.8305002405002405,0.04561981706523752,0.9474112739071726,0.019454042466503767,0.08146977424621582
chi2,Elastic-Net LR,0.882063619353114,0.03507370930529257,0.8723073390665441,0.028763967714062314,0.8110735142993206,0.07970290727921114,0.844088669950739,0.016106189876129856,0.8256324848933907,0.045806201247870236,0.9429106937722589,0.018457237571034575,0.05615110397338867
chi2,Logistic Regression,0.8843892007484631,0.03976850832990426,0.8776321282458044,0.03395727457737482,0.8087765303253919,0.08479931366069929,0.858128078817734,0.022673480734709497,0.8310689756603944,0.052593376620968184,0.9409760230096191,0.021765738256644226,0.042691278457641604
chi2,XGBoost,0.8750601443464314,0.018134138284012922,0.8524505301828504,0.017813438474361506,0.8278514588859418,0.05571614371494555,0.787192118226601,0.04527198120547007,0.8046605756950586,0.02543760763734353,0.9395723988218799,0.016233408359237794,0.37053465843200684
chi2,KNN,0.8681635926222935,0.042767859504838766,0.8619270268013693,0.03775001933378095,0.7804606161460999,0.0844862530418854,0.8438423645320198,0.036858682151567145,0.8089311244465455,0.055451986939999955,0.9374034428056074,0.02506413387288182,0.03782973289489746
rfe,Random Forest,0.8982892274792835,0.02913107614092635,0.8808988060449193,0.02603440772052168,0.8626262626262626,0.08123903044592258,0.830295566502463,0.04456290615538297,0.8432876220532922,0.04056982880713124,0.9517484661693534,0.01759252311854337,0.8335612297058106
rfe,Stacking Ensemble,0.9006148088746324,0.031060316404505694,0.8898889538281708,0.028995219369321507,0.8489864158829675,0.08373109018882186,0.8586206896551725,0.04846274273676984,0.8506786702065909,0.04262395396370569,0.9447791456613682,0.017367971227849437,6.480013132095337
rfe,Elastic-Net LR,0.8843090082865543,0.02173375176177597,0.8812682641729982,0.02394324986956989,0.7981982634696108,0.05182219396945895,0.8724137931034482,0.053224771614603296,0.8313411803542508,0.028840452715699082,0.9409891948072886,0.014290979603188753,0.14570951461791992
rfe,SVM (RBF),0.8844426623897353,0.035969554830493876,0.877755280955164,0.030706784010773883,0.8105850727387729,0.08644743632267952,0.8583743842364532,0.03806195817158989,0.8309272636008125,0.046032687038603935,0.939652581240481,0.01685398937888759,0.152810001373291
rfe,Logistic Regression,0.8820368885324779,0.02195780315553712,0.8777260582783668,0.021891848137072414,0.7971546202058536,0.05387132576099923,0.8652709359605911,0.04727267721234837,0.8276014318578045,0.028241992452293817,0.9391564435282568,0.017053742630487874,0.12359247207641602
rfe,KNN,0.9005880780539963,0.03958945537059042,0.8970318109710277,0.03972965154479814,0.8254377880184333,0.07257773383086548,0.8866995073891626,0.04101558414949221,0.8545325763268486,0.05700021545210542,0.9345525403575243,0.03154560824219458,0.14522624015808105
rfe,XGBoost,0.8843624699278267,0.02479582966715764,0.8652291892794522,0.036878654829411266,0.8388898601398601,0.061579511896351774,0.80935960591133,0.08898889000105077,0.8191111111111111,0.04256881784123857,0.9336554545637761,0.01056769670529931,0.44010319709777834
rfe,Gaussian NB,0.8704891740176424,0.04691392293081207,0.8674688987225515,0.05284471011339995,0.775321367935969,0.07551250639025033,0.8583743842364532,0.08701242232835317,0.8122893684994267,0.068497535398879,0.9147393135693989,0.040145903057240875,0.12895755767822265
