seed,model,roc_auc
0,Logistic Regression,0.9444444444444444
0,Random Forest,0.9592846270928463
0,SVM (RBF),0.9372146118721462
0,XGBoost,0.9490106544901066
0,Elastic-Net LR,0.9467275494672756
0,Gaussian NB,0.9375951293759512
0,KNN,0.9090563165905633
0,Stacking Ensemble,0.9531963470319634
1,Logistic Regression,0.978310502283105
1,Random Forest,0.9851598173515982
1,SVM (RBF),0.9821156773211568
1,XGBoost,0.9832572298325724
1,Elastic-Net LR,0.978310502283105
1,Gaussian NB,0.9714611872146119
1,KNN,0.9758371385083715
1,Stacking Ensemble,0.9863013698630136
2,Logistic Regression,0.9851598173515983
2,Random Forest,0.9824961948249619
2,SVM (RBF),0.9836377473363775
2,XGBoost,0.9832572298325724
2,Elastic-Net LR,0.9863013698630138
2,Gaussian NB,0.980593607305936
2,KNN,0.9775494672754947
2,Stacking Ensemble,0.9851598173515981
3,Logistic Regression,0.9634703196347032
3,Random Forest,0.9729832572298326
3,SVM (RBF),0.9687975646879756
3,XGBoost,0.9668949771689498
3,Elastic-Net LR,0.9661339421613395
3,Gaussian NB,0.9657534246575342
3,KNN,0.9558599695585996
3,Stacking Ensemble,0.9745053272450532
4,Logistic Regression,0.9459665144596652
4,Random Forest,0.9478691019786911
4,SVM (RBF),0.9356925418569254
4,XGBoost,0.9356925418569254
4,Elastic-Net LR,0.94558599695586
4,Gaussian NB,0.9254185692541856
4,KNN,0.9364535768645357
4,Stacking Ensemble,0.9459665144596652
5,Logistic Regression,0.9493911719939117
5,Random Forest,0.9638508371385084
5,SVM (RBF),0.9573820395738204
5,XGBoost,0.963089802130898
5,Elastic-Net LR,0.952054794520548
5,Gaussian NB,0.96765601217656
5,KNN,0.9615677321156773
5,Stacking Ensemble,0.9661339421613394
6,Logistic Regression,0.8679604261796043
6,Random Forest,0.8964992389649924
6,SVM (RBF),0.8710045662100456
6,XGBoost,0.908675799086758
6,Elastic-Net LR,0.8732876712328768
6,Gaussian NB,0.9216133942161339
6,KNN,0.8554033485540334
6,Stacking Ensemble,0.8953576864535768
7,Logistic Regression,0.9615677321156774
7,Random Forest,0.9661339421613394
7,SVM (RBF),0.9509132420091324
7,XGBoost,0.963089802130898
7,Elastic-Net LR,0.9611872146118722
7,Gaussian NB,0.9638508371385084
7,KNN,0.946917808219178
7,Stacking Ensemble,0.965372907153729
8,Logistic Regression,0.9208523592085237
8,Random Forest,0.9231354642313546
8,SVM (RBF),0.8995433789954338
8,XGBoost,0.9318873668188736
8,Elastic-Net LR,0.9235159817351598
8,Gaussian NB,0.9421613394216134
8,KNN,0.9094368340943684
8,Stacking Ensemble,0.9204718417047184
9,Logistic Regression,0.9273211567732116
9,Random Forest,0.939117199391172
9,SVM (RBF),0.9261796042617961
9,XGBoost,0.936834094368341
9,Elastic-Net LR,0.9277016742770167
9,Gaussian NB,0.9394977168949771
9,KNN,0.9193302891933028
9,Stacking Ensemble,0.9364535768645357
