threshold,accuracy,precision,recall,f1,true_negatives,false_positives,false_negatives,true_positives,specificity
0.05,0.5137614678899083,0.40229885057471265,0.9722222222222222,0.5691056910569106,21,52,1,35,0.2876712328767123
0.1,0.6055045871559633,0.4533333333333333,0.9444444444444444,0.6126126126126126,32,41,2,34,0.4383561643835616
0.15,0.6880733944954128,0.5151515151515151,0.9444444444444444,0.6666666666666666,41,32,2,34,0.5616438356164384
0.2,0.7339449541284404,0.5573770491803278,0.9444444444444444,0.7010309278350515,46,27,2,34,0.6301369863013698
0.25,0.8165137614678899,0.6538461538461539,0.9444444444444444,0.7727272727272727,55,18,2,34,0.7534246575342466
0.3,0.8807339449541285,0.7674418604651163,0.9166666666666666,0.8354430379746836,63,10,3,33,0.863013698630137
0.35,0.8990825688073395,0.8048780487804879,0.9166666666666666,0.8571428571428571,65,8,3,33,0.8904109589041096
0.4,0.8899082568807339,0.8157894736842105,0.8611111111111112,0.8378378378378378,66,7,5,31,0.9041095890410958
0.45,0.9174311926605505,0.8857142857142857,0.8611111111111112,0.8732394366197183,69,4,5,31,0.9452054794520548
0.5,0.9174311926605505,0.9090909090909091,0.8333333333333334,0.8695652173913043,70,3,6,30,0.958904109589041
0.55,0.9357798165137615,0.967741935483871,0.8333333333333334,0.8955223880597015,72,1,6,30,0.9863013698630136
0.6,0.9174311926605505,0.9655172413793104,0.7777777777777778,0.8615384615384616,72,1,8,28,0.9863013698630136
0.65,0.8899082568807339,0.9615384615384616,0.6944444444444444,0.8064516129032258,72,1,11,25,0.9863013698630136
0.7,0.8715596330275229,0.9583333333333334,0.6388888888888888,0.7666666666666667,72,1,13,23,0.9863013698630136
0.75,0.8623853211009175,1.0,0.5833333333333334,0.7368421052631579,73,0,15,21,1.0
0.8,0.8165137614678899,1.0,0.4444444444444444,0.6153846153846154,73,0,20,16,1.0
0.85,0.8073394495412844,1.0,0.4166666666666667,0.5882352941176471,73,0,21,15,1.0
0.9,0.7522935779816514,1.0,0.25,0.4,73,0,27,9,1.0
0.95,0.7155963302752294,1.0,0.1388888888888889,0.24390243902439024,73,0,31,5,1.0
